{"cameraMode":{"drawMode":0,"name":"Shaded","section":"Shading Mode"},"sceneLighting":false,"audioPlay":false,"sceneViewState":{"showFog":true,"showMaterialUpdate":false,"showSkybox":false,"showFlares":true,"showImageEffects":true,"showParticleSystems":true},"in2DMode":false,"pivot":{"x":1.8130182027816773,"y":0.8380182385444641,"z":1.7927961349487305},"rotation":{"x":0.1908138394355774,"y":0.05622189864516258,"z":-0.010952375829219818,"w":0.9799613952636719},"size":8.8569917678833,"orthographic":false}