{"cameraMode":{"drawMode":0,"name":"Shaded","section":"Shading Mode"},"sceneLighting":false,"audioPlay":false,"sceneViewState":{"showFog":true,"showMaterialUpdate":false,"showSkybox":false,"showFlares":true,"showImageEffects":true,"showParticleSystems":true},"in2DMode":false,"pivot":{"x":31.83829116821289,"y":25.11102867126465,"z":70.47883605957031},"rotation":{"x":0.10356082767248154,"y":0.8922581672668457,"z":-0.26170966029167178,"w":0.3530738353729248},"size":132.58872985839845,"orthographic":false}