{"cameraMode":{"drawMode":0,"name":"Shaded","section":"Shading Mode"},"sceneLighting":true,"audioPlay":false,"sceneViewState":{"showFog":true,"showMaterialUpdate":false,"showSkybox":true,"showFlares":true,"showImageEffects":true,"showParticleSystems":true},"in2DMode":false,"pivot":{"x":-17.90188980102539,"y":6.27902889251709,"z":10.573702812194825},"rotation":{"x":0.20576345920562745,"y":0.7237620949745178,"z":-0.2433183193206787,"w":0.6120811104774475},"size":27.597808837890626,"orthographic":false}