{"cameraMode":{"drawMode":0,"name":"Shaded","section":"Shading Mode"},"sceneLighting":false,"audioPlay":false,"sceneViewState":{"showFog":true,"showMaterialUpdate":false,"showSkybox":false,"showFlares":true,"showImageEffects":true,"showParticleSystems":true},"in2DMode":false,"pivot":{"x":2.9477453231811525,"y":0.8700000047683716,"z":2.7795557975769045},"rotation":{"x":0.21818189322948457,"y":-0.23587653040885926,"z":0.05443623289465904,"w":0.9454092979431152},"size":0.5809271931648254,"orthographic":false}