{"cameraMode":{"drawMode":0,"name":"Shaded","section":"Shading Mode"},"sceneLighting":false,"audioPlay":false,"sceneViewState":{"showFog":true,"showMaterialUpdate":false,"showSkybox":false,"showFlares":true,"showImageEffects":true,"showParticleSystems":true},"in2DMode":false,"pivot":{"x":0.0,"y":-0.025057077407836915,"z":0.8299300670623779},"rotation":{"x":-0.1938467025756836,"y":0.2106332629919052,"z":-0.04265566170215607,"w":-0.9572122097015381},"size":4.808462142944336,"orthographic":false}