{"cameraMode":{"drawMode":0,"name":"Shaded","section":"Shading Mode"},"sceneLighting":true,"audioPlay":false,"sceneViewState":{"showFog":true,"showMaterialUpdate":false,"showSkybox":true,"showFlares":true,"showImageEffects":true,"showParticleSystems":true},"in2DMode":false,"pivot":{"x":-1.2017872333526612,"y":5.2817559242248539,"z":-0.16508546471595765},"rotation":{"x":-0.12329991161823273,"y":0.8352691531181336,"z":-0.20866747200489045,"w":-0.49355843663215639},"size":0.8446545004844666,"orthographic":false}