{"cameraMode":{"drawMode":0,"name":"Shaded","section":"Shading Mode"},"sceneLighting":true,"audioPlay":false,"sceneViewState":{"showFog":true,"showMaterialUpdate":false,"showSkybox":true,"showFlares":true,"showImageEffects":true,"showParticleSystems":true},"in2DMode":false,"pivot":{"x":13.686655044555664,"y":1.2031562328338624,"z":9.673336029052735},"rotation":{"x":-0.17489778995513917,"y":-0.2174786776304245,"z":0.03964345529675484,"w":-0.9594502449035645},"size":7.158753871917725,"orthographic":false}